Resolution,10,m
routing_time,240,min
time_step_model,0.5,sec
min_time_step,0.01,sec
max_time_step,5,sec
time_step_increments,0.01,sec
time_step_change,60,sec
time_step_matrices,2400,sec
factor_cells,1,cells
flow_tolerance,1.00E-10,mm/h
depth_tolerance,1.00E-06,mm
flag_rainfall,1,"if 1, considers rainfall in all catchment, otherwise 0"
outlet_type,1,"1 is gradient boundary condition, 0 is critical depth"
slope_outlet,0.01,m/m
x_outlet_begin,891,
x_outlet_end,891,
y_outlet_begin,425,
y_outlet_end,425,
record_time_maps,5,min
record_time_hydrographs,1,min
slope_min,0.001,m/m
alfa,0.25,
flag_inflow,0,"If 0, no inflow, If 1, inflow"
flag_abstraction,1,"If 0, no abstraction, If 1, abstraction"
xmin,554,
ymin,388,
xmax,891,
ymax,822,
xllupcorner,324939.99,up-left coordinate in meters
yllupcorner,7784800,up-left coordinate in meters
flagwse,1,"1 saves water surface elevation, 0 depths"
depth_wse,0.01,m
flag_waterbalance,0,"If 1, correct water balance, otherwise 0"
flag_waterquality,0,"If 1, solve water quality, otherwise 0"
ADD,10,Days
flag_timestep,0,"If 1, stable method, if 0, courant method"
